{
  "start_accuracy": 0.530761421319797,
  "end_accuracy": 0.6050761421319797,
  "start_f1": 0.5286296196121761,
  "end_f1": 0.5996603581690604,
  "exact_match": 0.18375634517766498,
  "bleu_score": 0.4117013668185844,
  "bert_score_precision": 0.9294836521148682,
  "bert_score_recall": 0.937238335609436,
  "bert_score_f1": 0.9327104687690735,
  "cosine_similarity": 0.7967303395271301,
  "num_samples": 4925
}